q1_FDR,assoc_FDR,n_pairs,n_genes,top5_ORA
0.01,0.01,8914,3266,EPITHELIAL_MESENCHYMAL_TRANSITION | ESTROGEN_RESPONSE_EARLY | ESTROGEN_RESPONSE_LATE | AXON_GUIDANCE | MYOGENESIS
0.01,0.05,11829,4144,EPITHELIAL_MESENCHYMAL_TRANSITION | ESTROGEN_RESPONSE_EARLY | ESTROGEN_RESPONSE_LATE | AXON_GUIDANCE | ECM_RECEPTOR_INTERACTION
0.01,0.1,13746,4692,EPITHELIAL_MESENCHYMAL_TRANSITION | ESTROGEN_RESPONSE_EARLY | ESTROGEN_RESPONSE_LATE | AXON_GUIDANCE | MYOGENESIS
0.05,0.01,9617,3483,ESTROGEN_RESPONSE_EARLY | ESTROGEN_RESPONSE_LATE | EPITHELIAL_MESENCHYMAL_TRANSITION | MYOGENESIS | AXON_GUIDANCE
0.05,0.05,12922,4483,ESTROGEN_RESPONSE_EARLY | EPITHELIAL_MESENCHYMAL_TRANSITION | ESTROGEN_RESPONSE_LATE | AXON_GUIDANCE | MYOGENESIS
0.05,0.1,15104,5115,ESTROGEN_RESPONSE_EARLY | EPITHELIAL_MESENCHYMAL_TRANSITION | ESTROGEN_RESPONSE_LATE | AXON_GUIDANCE | MYOGENESIS
0.1,0.01,9938,3587,ESTROGEN_RESPONSE_EARLY | ESTROGEN_RESPONSE_LATE | EPITHELIAL_MESENCHYMAL_TRANSITION | UV_RESPONSE_DN | MYOGENESIS
0.1,0.05,13418,4642,ESTROGEN_RESPONSE_EARLY | EPITHELIAL_MESENCHYMAL_TRANSITION | ESTROGEN_RESPONSE_LATE | AXON_GUIDANCE | UV_RESPONSE_DN
0.1,0.1,15751,5317,EPITHELIAL_MESENCHYMAL_TRANSITION | ESTROGEN_RESPONSE_EARLY | ESTROGEN_RESPONSE_LATE | MYOGENESIS | AXON_GUIDANCE
